{"in3.jpg55465":{"filename":"in3.jpg","size":55465,"regions":[{"shape_attributes":{"name":"polyline","all_points_x":[125,124,147,176,201,214,204,210,199,169,125],"all_points_y":[138,189,229,228,227,203,164,158,136,133,138]},"region_attributes":{}}],"file_attributes":{}},"in22.jpg57816":{"filename":"in22.jpg","size":57816,"regions":[{"shape_attributes":{"name":"polyline","all_points_x":[113,110,112,115,128,133,166,203,210,197,202,199,162,114],"all_points_y":[158,180,202,220,240,243,235,243,220,187,172,155,140,158]},"region_attributes":{}}],"file_attributes":{}},"in181.jpg67589":{"filename":"in181.jpg","size":67589,"regions":[{"shape_attributes":{"name":"polyline","all_points_x":[140,122,128,133,165,193,233,232,234,224,222,219,183,138],"all_points_y":[157,183,203,216,259,252,260,236,219,188,169,148,142,156]},"region_attributes":{}}],"file_attributes":{}},"in192.jpg44690":{"filename":"in192.jpg","size":44690,"regions":[{"shape_attributes":{"name":"polyline","all_points_x":[106,91,95,105,113,147,184,194,184,177,186,178,143,106],"all_points_y":[140,180,190,215,222,212,224,209,177,172,163,146,136,140]},"region_attributes":{}}],"file_attributes":{}},"in195.jpg40525":{"filename":"in195.jpg","size":40525,"regions":[{"shape_attributes":{"name":"polyline","all_points_x":[91,73,101,134,171,179,172,163,172,166,127,92],"all_points_y":[136,174,202,194,205,190,158,148,131,114,102,135]},"region_attributes":{}}],"file_attributes":{}},"in219.jpg52696":{"filename":"in219.jpg","size":52696,"regions":[{"shape_attributes":{"name":"polyline","all_points_x":[93,82,90,89,98,130,149,164,169,166,164,170,167,139,92],"all_points_y":[133,167,177,198,213,208,208,218,196,167,160,149,135,125,133]},"region_attributes":{}}],"file_attributes":{}},"in221.jpg47688":{"filename":"in221.jpg","size":47688,"regions":[{"shape_attributes":{"name":"polyline","all_points_x":[93,83,94,101,109,140,175,178,173,177,171,138,93],"all_points_y":[136,168,182,205,213,210,213,189,165,147,134,124,136]},"region_attributes":{}}],"file_attributes":{}},"in223.jpg72893":{"filename":"in223.jpg","size":72893,"regions":[{"shape_attributes":{"name":"polyline","all_points_x":[128,112,115,115,141,173,223,227,225,216,224,222,175,126],"all_points_y":[171,197,221,242,269,265,271,264,230,201,181,161,146,172]},"region_attributes":{}}],"file_attributes":{}},"in224.jpg52222":{"filename":"in224.jpg","size":52222,"regions":[{"shape_attributes":{"name":"polyline","all_points_x":[114,106,126,158,201,204,193,200,196,161,114],"all_points_y":[144,181,228,228,231,204,165,154,140,132,144]},"region_attributes":{}}],"file_attributes":{}},"in227.jpg37390":{"filename":"in227.jpg","size":37390,"regions":[{"shape_attributes":{"name":"polyline","all_points_x":[88,79,90,90,87,119,152,159,157,147,157,152,127,89],"all_points_y":[112,133,147,144,183,179,188,166,142,134,123,105,98,112]},"region_attributes":{}}],"file_attributes":{}}}